Signal,Values
Signal_1,0.395496491
Signal_2,0.561080209
Signal_3,0.225659478
Signal_4,0.984320016
Signal_5,0.791472902
Signal_6,0.940396963
Signal_7,0.35587361
Signal_8,0.438288468
Signal_9,0.177122811
Signal_10,0.998271006
Signal_11,0.675402336
Signal_12,0.169109471
Signal_13,0.725684843
Signal_14,0.670559351
Signal_15,0.401806148
Signal_16,0.780787333
Signal_17,0.068029448
Signal_18,0.773290967
Signal_19,0.510386257
Signal_20,0.505737564
